KEY,SECTION,EN,CS,SK,DE
kl√≠ƒç,sekce,anglicky,ƒçesky,slovensky,nƒõmecky
$author,$,Fred Brooker,Fred Brooker,Fred Brooker,Fred Brooker
$gsc,$,GS Cloud Ltd.,GS Cloud s.r.o.,GS Cloud s.r.o.,GS Cloud Ltd.
$gscloud,$,$gsc,$gsc,$gsc,$gsc
$year,$,2026,2026,2026,2026
llms,CORE,"# $title

> $description

## Docs

- Author: $author / $gsc",,,
$design_light_red,$TPL,"[neon][
footer_color: ""grey darken-4""
nav_color: ""red""
theme_color: ""red""
background_color: ""white""
content: ""white black-text""
skin: ""white""]","[neon][
footer_color: ""grey darken-4""
nav_color: ""red""
theme_color: ""red""
background_color: ""white""
content: ""white black-text""
skin: ""white""]","[neon][
footer_color: ""grey darken-4""
nav_color: ""red""
theme_color: ""red""
background_color: ""white""
content: ""white black-text""
skin: ""white""]","[neon][
footer_color: ""grey darken-4""
nav_color: ""red""
theme_color: ""red""
background_color: ""white""
content: ""white black-text""
skin: ""white""]"
nojs_placeholder,ALERT,JAVASCRIPT IS DISABLED,JAVASCRIPT JE VYPNUT√ù,JAVASCRIPT JE VYPNUT√ù,JAVASCRIPT IST DEAKTIVIERT
nojs_sorry,ALERT,‚ö†Ô∏è WARNING,‚ö†Ô∏è UPOZORNƒöN√ç,‚ö†Ô∏è VAROVANIE,‚ö†Ô∏è WARNUNG
nojs_text,ALERT,You should enable JavaScript to use this application.,Mƒõli byste zapnout JavaScript p≈ôi pou≈æ√≠v√°n√≠ t√©to aplikace.,"Ak chcete pou≈æ√≠va≈• t√∫to aplik√°ciu, mali by ste povoli≈• JavaScript.","Sie m√ºssen JavaScript aktivieren, um diese Anwendung nutzen zu k√∂nnen."
page_outdated,ALERT,A new version of the application is available.,K dispozici je nov√° verze aplikace.,K dispoz√≠cii je nov√° verzia aplik√°cie.,Eine neue Version der Anwendung ist verf√ºgbar.
page_outdated_button,BUTTON,üë∑‚Äç‚ôÄÔ∏è UPDATE,üë∑‚Äç‚ôÄÔ∏è AKTUALIZOVAT,üë∑‚Äç‚ôÄÔ∏è AKTUALIZOVA≈§,üë∑‚Äç‚ôÄÔ∏è AKTUALISIEREN
share_bluesky,BUTTON,Bluesky,Bluesky,Bluesky,Bluesky
share_facebook,BUTTON,Facebook,Facebook,Facebook,Facebook
share_mastodon,BUTTON,Mastodon,Mastodon,Mastodon,Mastodon
webshare_button,BUTTON,üì≤ share,üì≤ sd√≠let,üì≤ zdieƒæa≈• ,üì≤ Teilen
day_of_the_week_1,DAYS,Monday,pondƒõl√≠,pondelok,Montag
day_of_the_week_2,DAYS,Tuesday,√∫ter√Ω,utorok,Dienstag
day_of_the_week_3,DAYS,Wednesday,st≈ôeda,streda,Mittwoch
day_of_the_week_4,DAYS,Thursday,ƒçtvrtek,≈°tvrtok,Donnerstag
day_of_the_week_5,DAYS,Friday,p√°tek,piatok,Freitag
day_of_the_week_6,DAYS,Saturday,sobota,sobota,Samstag
day_of_the_week_7,DAYS,Sunday,nedƒõle,nedeƒæa,Sonntag
server_error_304,ERROR,Not Modified,Not Modified,Not Modified,Not Modified
server_error_400,ERROR,Bad Request,Bad Request,Bad Request,Bad Request
server_error_401,ERROR,Unauthorized,Unauthorized,Unauthorized,Unauthorized
server_error_403,ERROR,Forbidden,Forbidden,Forbidden,Forbidden
server_error_404,ERROR,Not Found,Not Found,Not Found,Not Found
server_error_406,ERROR,Not Acceptable,Not Acceptable,Not Acceptable,Not Acceptable
server_error_410,ERROR,Gone,Gone,Gone,Gone
server_error_420,ERROR,Enhance Your Calm,Enhance Your Calm,Enhance Your Calm,Enhance Your Calm
server_error_429,ERROR,Too Many Requests,Too Many Requests,Too Many Requests,Too Many Requests
server_error_500,ERROR,Internal Server Error,Internal Server Error,Internal Server Error,Internal Server Error
server_error_info_304,ERROR,There is no need to retransmit the requested resources.,There is no need to retransmit the requested resources.,There is no need to retransmit the requested resources.,There is no need to retransmit the requested resources.
server_error_info_400,ERROR,The request cannot be fulfilled due to bad syntax.,The request cannot be fulfilled due to bad syntax.,The request cannot be fulfilled due to bad syntax.,The request cannot be fulfilled due to bad syntax.
server_error_info_401,ERROR,Missing or invalid authentication token.,Missing or invalid authentication token.,Missing or invalid authentication token.,Missing or invalid authentication token.
server_error_info_403,ERROR,User is not authorized to perform the operation or the resource is unavailable for some reason.,User is not authorized to perform the operation or the resource is unavailable for some reason.,User is not authorized to perform the operation or the resource is unavailable for some reason.,User is not authorized to perform the operation or the resource is unavailable for some reason.
server_error_info_404,ERROR,The resource requested could not be found but may be available again in the future.,The resource requested could not be found but may be available again in the future.,The resource requested could not be found but may be available again in the future.,The resource requested could not be found but may be available again in the future.
server_error_info_406,ERROR,The resource requested is only capable of generating content not acceptable according to the Accept headers sent in the request.,The resource requested is only capable of generating content not acceptable according to the Accept headers sent in the request.,The resource requested is only capable of generating content not acceptable according to the Accept headers sent in the request.,The resource requested is only capable of generating content not acceptable according to the Accept headers sent in the request.
server_error_info_410,ERROR,The resource requested is no longer available and will not be available again.,The resource requested is no longer available and will not be available again.,The resource requested is no longer available and will not be available again.,The resource requested is no longer available and will not be available again.
server_error_info_420,ERROR,The client is being rate limited.,The client is being rate limited.,The client is being rate limited.,The client is being rate limited.
server_error_info_429,ERROR,The client is being rate limited.,The client is being rate limited.,The client is being rate limited.,The client is being rate limited.
server_error_info_500,ERROR,Internal server error just happened and was logged.,Internal server error just happened and was logged.,Internal server error just happened and was logged.,Internal server error just happened and was logged.
poweredby,FOOTER,"Powered by Hetzner, Google and Cloudflare technology. We don't use 3rd party cookies.","Vyu≈æ√≠v√° technologie Hetzner, Google a Cloudflare. Nepou≈æ√≠v√°me cookies t≈ôet√≠ch stran.","Vytvoren√© pomocou technol√≥gie od spoloƒçnost√≠ Hetzner, Google a Cloudflare. Nepou≈æ√≠vame s√∫bory cookie tret√≠ch str√°n.","Diese Technologie wird von Hetzner, Google und Cloudflare bereitgestellt. Wir verwenden keine Cookies von Drittanbietern."
privacy_policy,FOOTER,Privacy Policy,Z√°sady ochrany osobn√≠ch √∫daj≈Ø,Z√°sady ochrany osobn√Ωch √∫dajov,Datenschutzrichtlinie
company_eet,INFO,"Under the Sales Records Act, the seller is required to issue a receipt to the buyer. At the same time, he is required to register the received revenue with the tax administrator online; in the event of a technical outage, at the latest within 48 hours.",Podle z√°kona o evidenci tr≈æeb je prod√°vaj√≠c√≠ povinen vystavit kupuj√≠c√≠mu √∫ƒçtenku. Z√°rove≈à je povinen zaevidovat p≈ôijatou tr≈æbu u spr√°vce danƒõ online; v p≈ô√≠padƒõ technick√©ho v√Ωpadku pak nejpozdƒõji do 48 hodin.,Podƒæa z√°kona o evidencii tr≈æieb je pred√°vaj√∫ci povinn√Ω vyda≈• potvrdenie pre nakupuj√∫ceho. S√∫ƒçasne je povinn√Ω zaregistrova≈• pr√≠jmy u spr√°vca dane on-line; v pr√≠pade technick√©ho v√Ωpadku najnesk√¥r do 48 hod√≠n.,"Nach dem Gesetz √ºber Verkaufsaufzeichnungen ist der Verk√§ufer verpflichtet, dem K√§ufer eine Quittung auszustellen. Gleichzeitig muss er die erhaltenen Einnahmen dem Finanzamt online melden; im Falle eines technischen Ausfalls sp√§testens innerhalb von 48 Stunden."
author,META,$author,$author,$author,$author
meta_author,META,$author,$author,$author,$author
article_author,META,$author,$author,$author,$author
article_publisher,META,$author,$author,$author,$author
meta_description,META,$description,$description,$description,$description
og_description,META,$description,$description,$description,$description
og_site_name,META,$title,$title,$title,$title
og_title,META,$title,$title,$title,$title
og_url,META,$canonical_url,$canonical_url,$canonical_url,$canonical_url
month_1,MONTHS,January,leden,janu√°r,Januar
month_2,MONTHS,February,√∫nor,febru√°r,Februar
month_3,MONTHS,March,b≈ôezen,marec,Marsch
month_4,MONTHS,April,duben,apr√≠l,April
month_5,MONTHS,May,kvƒõten,m√°j,Mai
month_6,MONTHS,June,ƒçerven,j√∫n,Juni
month_7,MONTHS,July,ƒçervenec,j√∫l,Juli
month_8,MONTHS,August,srpen,august,August
month_9,MONTHS,September,z√°≈ô√≠,september,September
month_10,MONTHS,October,≈ô√≠jen,okt√≥ber,Oktober
month_11,MONTHS,November,listopad,november,November
month_12,MONTHS,December,prosinec,december,Dezember
month_2p_1,MONTHS,January,ledna,janu√°ra,Januar
month_2p_2,MONTHS,February,√∫nora,febru√°ra,Februar
month_2p_3,MONTHS,March,b≈ôezna,marca,Marsch
month_2p_4,MONTHS,April,dubna,apr√≠la,April
month_2p_5,MONTHS,May,kvƒõtna,m√°ja,Mai
month_2p_6,MONTHS,June,ƒçervna,j√∫na,Juni
month_2p_7,MONTHS,July,ƒçervence,j√∫la,Juli
month_2p_8,MONTHS,August,srpna,augusta,August
month_2p_9,MONTHS,September,z√°≈ô√≠,septembra,September
month_2p_10,MONTHS,October,≈ô√≠jna,okt√≥bra,Oktober
month_2p_11,MONTHS,November,listopadu,novembra,November
month_2p_12,MONTHS,December,prosince,decembra,Dezember
meta_viewport,PARAMS,"width=device-width, initial-scale=1.0","width=device-width, initial-scale=1.0","width=device-width, initial-scale=1.0","width=device-width, initial-scale=1.0"
gsc_footer_img_size,PARAMS,48,48,48,48
title,DEMO,DEMO,DEMO,DEMO,DEMO
main,DEMO,TESSERACT DEMO,TESSERACT DEMO,TESSERACT DEMO,TESSERACT DEMO
shortcodes,DEMO,SHORTCODES,SHORTCODES,SHORTCODES,SHORTCODES
nav_czech,NAVI,ƒåesky,ƒåesky,ƒåesky,ƒåesky
nav_slovak,NAVI,Slovensky,Slovensky,Slovensky,Slovensky
nav_english,NAVI,English,English,English,English
nav_deutsch,NAVI,Deutsch,Deutsch,Deutsch,Deutsch
a_changelog,BUTTON,CHANGES AND UPDATES,ZMƒöNY A AKTUALIZACE,ZMENY A AKTUALIZ√ÅCIE,√ÑNDERUNGEN UND AKTUALISIERUNGEN
a_close,BUTTON,CLOSE,ZAV≈ò√çT,ZAVRIE≈§,SCHLIESSEN
a_cssdebugger,BUTTON,CSS DEBUGGER,CSS DEBUGGER,CSS DEBUGGER,CSS DEBUGGER
a_flush,BUTTON,FLUSH CACHE,VYPR√ÅZDNIT CACHE,VYPR√ÅZDNI≈§ CACHE,CACHE LEEREN
a_get_token,BUTTON,CREATE TOKEN,VYTVO≈òIT TOKEN,VYTVORI≈§ TOKEN,Token erstellen
a_google_account,BUTTON,ACCOUNT,√öƒåET,√öƒåET,KONTO
a_google_password,BUTTON,PASSWORD MANAGEMENT,SPR√ÅVA HESEL,SPR√ÅVA HESIEL,PASSWORTVERWALTUNG
a_google_search,BUTTON,SEARCH CONSOLE,SEARCH CONSOLE,SEARCH CONSOLE,SUCHKONSOLE
a_invoices,BUTTON,INVOICES,FAKTURY,FAKT√öRY,RECHNUNGEN
a_login,BUTTON,LOGIN,P≈òIHL√ÅSIT,PRIHL√ÅSENIE,LOGIN
a_logout,BUTTON,LOGOUT,ODHL√ÅSIT,ODHL√ÅSI≈§ SA,ABMELDEN
a_logout_msg,BUTTON,BYE üëã,ZDAREC üëã,DO VIDZENIA üëã,TSCH√úSS üëã
a_manual,BUTTON,MANUAL,MANU√ÅL,MANU√ÅL,HANDBUCH
a_phpdebugger,BUTTON,TRACY DEBUGGER,TRACY DEBUGGER,TRACY DEBUGGER,TRACY DEBUGGER
a_save,BUTTON,SAVE,ULO≈ΩIT,ULO≈ΩI≈§,speichern
a_save_all,BUTTON,SAVE ALL,ULO≈ΩIT V≈†E,ULO≈ΩI≈§ V≈†ETKO,ALLES SPEICHERN
a_show_translations,BUTTON,üìç,üìç,üìç,üìç
a_summernote,BUTTON,EDIT,EDIT,EDIT,BEARBEITEN
a_umami,BUTTON,WEB ANALYTICS,WEBOV√Å ANALYTIKA,WEBOV√Å ANALYTIKA,WEBANALYSE
a_update,BUTTON,UPDATE,AKTUALIZOVAT,AKTUALIZ√ÅCIA,AKTUALISIEREN
a_error_general,ERROR,ü§Ø ERROR!,ü§Ø CHYBA!,ü§Ø CHYBA!,ü§Ø FEHLER!
a_upload_ajax,ERROR,üíÄ Got error when uploading files: Internal Error.,üíÄ Do≈°lo k chybƒõ p≈ôi nahr√°v√°n√≠: Internal Error.,üíÄ Pri nahr√°van√≠ s√∫borov sa vyskytla chyba: Intern√° chyba.,üíÄ Fehler beim Hochladen der Dateien: Interner Fehler.
a_upload_filetype,ERROR,üò≥ This file type is not accepted.,üò≥ Tento typ souboru nen√≠ povolen.,üò≥ Tento typ s√∫boru nie je akceptovan√Ω.,üò≥ Dieser Dateityp wird nicht akzeptiert.
a_upload_http,ERROR,üòµ Error uploading files: HTTP 403 Forbidden.,üòµ Chyba nahr√°v√°n√≠: HTTP 403 Forbidden.,üòµ Chyba pri nahr√°van√≠ s√∫borov: HTTP 403 Zak√°zan√©.,üòµ Fehler beim Hochladen der Dateien: HTTP 403 Verboten.
a_upload_maxbytes,ERROR,üòµ Total filesize is too big (max. 100 MB).,üòµ Obsah je p≈ô√≠li≈° velik√Ω (max. 100 MB).,üòµ Celkov√° veƒækos≈• s√∫boru je pr√≠li≈° veƒæk√° (max. 100 MB).,üòµ Die Gesamtdateigr√∂√üe ist zu gro√ü (max. 100 MB).
a_upload_maxfiles,ERROR,üòµ Too many files were selected (max. 100).,üòµ Vybr√°no p≈ô√≠li≈° mnoho soubor≈Ø (max. 100).,üòµ Bolo vybran√Ωch pr√≠li≈° veƒæa s√∫borov (max. 100).,üòµ Es wurden zu viele Dateien ausgew√§hlt (max. 100).
a_upload_unsupported,ERROR,üò≥ This browser is unsupported.,üò≥ Tento prohl√≠≈æeƒç nen√≠ podporov√°n.,üò≥ Tento prehliadaƒç nie je podporovan√Ω.,üò≥ Dieser Browser wird nicht unterst√ºtzt.
a_age,INFO,age,st√°≈ô√≠,vek,Alter
a_article_add_prompt,INFO,Article name (URL part after /en/id/),N√°zev ƒçl√°nku (ƒç√°st URL adresy za /cs/id/),N√°zov ƒçl√°nku (ƒças≈• po /sk/id),Artikelname (URL-Teil nach /de/id/)
a_articles,INFO,ARTICLES,ƒåL√ÅNKY,ƒåL√ÅNKY,ARTIKEL
a_ban,INFO,BAN,BAN,BAN,VERBOT
a_clipboardcopy,INFO,üìã ,üìã ,üìã ,üìã
a_copy_tit,INFO,copy URL,kop√≠rovat URL,kop√≠rova≈• URL,URL kopieren
a_delete_tit,INFO,delete file,smazat soubor,odstr√°ni≈• s√∫bor,Datei l√∂schen
a_fcgi,INFO,FCGI,FCGI,FCGI,FCGI
a_footer_app,INFO,app code,k√≥d appky,k√≥d appky,App-Code
a_footer_date,INFO,updated,aktualizov√°no,aktualizovan√©,aktualisiert
a_limiter,INFO,LIMITER,LIMITER,LIMITER,RATENBEGRENZER
a_max_file_uploads,INFO,max.&nbsp; files&nbsp;count:,max.&nbsp;poƒçet nahr√°van√Ωch&nbsp;soubor≈Ø:,max.&nbsp;poƒçet nahr√°van√Ωch&nbsp;s√∫borov:,Max.&nbsp;Anzahl der&nbsp;Upload-Dateien:
a_max_post_size,INFO,max.&nbsp;POST&nbsp;size:,max.&nbsp;POST&nbsp;velikost:,max.&nbsp;POST&nbsp;veƒækos≈•:,Max.&nbsp;POST&nbsp;Gr√∂√üe:
a_max_upload_size,INFO,max.&nbsp;file&nbsp;size:,max.&nbsp;velikost&nbsp;souboru:,max.&nbsp;veƒækos≈•&nbsp;s√∫boru:,Max.&nbsp;Dateigr√∂√üe:
a_model,INFO,model,model,model,Modell
a_off,INFO,OFF,VYP,VYP,AUS
a_on,INFO,ON,ZAP,ZAP,AN
a_open_tit,INFO,open file,otev≈ô√≠t soubor,otvori≈• s√∫bor,Datei √∂ffnen
a_processing,INFO,processing,zpracov√°n√≠,spracovanie,Verwechseln
a_processing_data,INFO,The system is processing data ‚òïÔ∏è,Syst√©m zpracov√°v√° data ‚òïÔ∏è,Syst√©m spracov√°va √∫daje ‚òïÔ∏è,Das System verarbeitet Daten ‚òïÔ∏è
a_redis,INFO,REDIS,REDIS,REDIS,REDIS
a_remote_fns,INFO,REMOTE FUNCTION CALLS,VZD√ÅLEN√Å VOL√ÅN√ç FUNKC√ç,VOLANIA NA DIALKU,FERNFUNKTIONSANRUFE
a_saved_ok,INFO,SAVED OK,ULO≈ΩENO OK,ULO≈ΩEN√â OK,GESPERRT OK
a_total,INFO,total,celkem,celkom,Gesamt
a_upload_disabled,INFO,UPLOAD is disabled.,UPLOAD je vypnut√Ω.,UPLOAD je vypnut√Ω.,UPLOAD ist deaktiviert.
a_uploading,INFO,‚¨ÜÔ∏è Uploading,‚¨ÜÔ∏è Nahr√°v√°m,‚¨ÜÔ∏è Nahr√°vam,‚¨ÜÔ∏è Hochladen
a_uploading_finished,INFO,Upload has finished.,Nahr√°v√°n√≠ dokonƒçeno.,Nahr√°vanie bolo dokonƒçen√©.,Der Upload ist abgeschlossen.
a_webpage,INFO,web page,webov√° str√°nka,webov√° str√°nka,Webseite
a_data_info,SUBPAR,"fetch remote data, manage uploads","naƒç√≠t√°n√≠ vzd√°len√Ωch dat, spr√°va nahr√°v√°n√≠","naƒç√≠tava≈• vzdialen√© d√°ta, spravova≈• nahr√°vania","Remote-Daten abrufen, Uploads verwalten"
a_dev_info,SUBPAR,development functions,v√Ωvojov√© funkce,v√Ωvojov√© funkcie,Entwicklungsfunktionen
a_groups_info,SUBPAR,user lists and their permissions,seznamy u≈æivatel≈Ø a jejich opr√°vnƒõn√≠,zoznamy pou≈æ√≠vateƒæov a ich povolenia,Benutzerlisten und deren Berechtigungen
a_news_info,SUBPAR,information about used libraries and shortcuts,informace o pou≈æit√Ωch knihovn√°ch a zkratk√°ch,inform√°cie o pou≈æit√Ωch kni≈æniciach a skratk√°ch,Informationen zu verwendeten Bibliotheken und Verkn√ºpfungen
a_news_os_info,SUBPAR,open source libraries are continuously updated,open source knihovny jsou pr≈Øbƒõ≈ænƒõ aktualizov√°ny,open source kni≈ænice s√∫ priebe≈æne aktualizovan√©,Open-Source-Bibliotheken werden kontinuierlich aktualisiert
a_news_sc_info,SUBPAR,abbreviations can be used in translation if the cell begins as a Markdown definition,"zkratky je mo≈æn√© pou≈æ√≠t v p≈ôekladu, pokud bu≈àka zaƒç√≠n√° jako definice Markdown","skratky je mo≈æn√© pou≈æi≈• v preklade, ak bunka zaƒç√≠na ako defin√≠cia Markdown","Abk√ºrzungen k√∂nnen in der √úbersetzung verwendet werden, wenn die Zelle als Markdown-Definition beginnt"
a_remote_fn_info,SUBPAR,allows you to generate an authorized link to call a remote system function,umo≈æ≈àuje generovat autorizovan√Ω odkaz na vol√°n√≠ vzd√°len√© syst√©mov√© funkce,umo≈æ≈àuje vygenerova≈• autorizovan√Ω odkaz na volanie funkcie vzdialen√©ho syst√©mu,"erm√∂glicht es Ihnen, einen autorisierten Link zum Aufruf einer Remote-Systemfunktion zu generieren."
a_services_info,SUBPAR,external services,extern√≠ slu≈æby,extern√© slu≈æby,externe Dienstleistungen
a_summer_close,SUMMERNOTE,CLOSE,ZAV≈ò√çT,ZATVOREN√â,SCHLIESSEN
a_summer_close_ttip,SUMMERNOTE,close editor (not saving),zav≈ô√≠t editor (bez ulo≈æen√≠),zavrie≈• editor (bez ulo≈æenia),Editor schlie√üen (Speichern wird nicht gespeichert)
a_summer_emoji_ttip,SUMMERNOTE,Emojis,Emotikony,Emoji,Emojis
a_summer_emoji1_ttip,SUMMERNOTE,Legacy,Zastaral√©,Dediƒçstvo,Verm√§chtnis
a_summer_emoji2_ttip,SUMMERNOTE,Smileys & People,√ösmƒõvy a lid√©,Smajl√≠ky a ƒæudia,Smileys & Menschen
a_summer_emoji3_ttip,SUMMERNOTE,Nature & Weather,P≈ô√≠roda a poƒças√≠,Pr√≠roda a poƒçasie,Natur & Wetter
a_summer_emoji4_ttip,SUMMERNOTE,Food & Drink,J√≠dlo a pit√≠,Jedlo a n√°poje,Essen & Trinken
a_summer_emoji5_ttip,SUMMERNOTE,Activity & Objects,Aktivity a objekty,Aktivita a objekty,Aktivit√§t & Objekte
a_summer_emoji6_ttip,SUMMERNOTE,Travel & Places,Cestov√°n√≠ a m√≠sta,Cestovanie a miesta,Reisen & Orte
a_summer_emoji7_ttip,SUMMERNOTE,Symbols,Symboly,Symboly,Symbole
a_summer_fullscreen_ttip,SUMMERNOTE,full-screen,re≈æim cel√© obrazovky,cel√° obrazovka,Vollbild
a_summer_history_ttip,SUMMERNOTE,history,historie,hist√≥ria,Geschichte
a_summer_plugins_ttip,SUMMERNOTE,plugins,pluginy,pluginy,Plugins
a_summer_save,SUMMERNOTE,SAVE,ULO≈ΩIT,ULO≈ΩI≈§,SPEICHERN
a_summer_save_ttip,SUMMERNOTE,save content,ulo≈æit obsah,ulo≈æi≈• obsah,Inhalte speichern
a_tab_changes,TAB,INFORMATION,INFORMACE,INFORM√ÅCIE,INFORMATION
a_tab_data,TAB,LASAGNA DATA,LASAGNA DATA,LASAGNA DATA,LASAGNA DATEN
a_tab_dev,TAB,DEV,DEV,DEV,DEV
a_tab_fn,TAB,REMOTE fn(),VZD√ÅLEN√â fn(),VZDIALEN√â fn(),FERNBEDIENUNGSFUNKTIONEN fn()
a_tab_services,TAB,SERVICES,SLU≈ΩBY,SLU≈ΩBY,DIENSTLEISTUNGEN
a_tab_users,TAB,USERS,U≈ΩIVATEL√â,U≈Ω√çVATEƒΩA,BENUTZER
a_dev,TITLE,DEVELOPER,V√ùVOJ√Å≈ò,V√ùVOJ√ÅR,ENTWICKLER
a_groups_permissions,TITLE,USERS & PERMISSIONS,U≈ΩIVATEL√â & OPR√ÅVNƒöN√ç,POU≈Ω√çVATELIA & POVOLENIA,BENUTZER & BERECHTIGUNGEN
a_locales,TITLE,LASAGNA DATA,LASAGNA DATA,LASAGNA DATA,LASAGNA DATEN
a_oss,TITLE,OPEN SOURCE REFERENCES,OPEN SOURCE REFERENCE,OPEN SOURCE REFERENCIE,OPEN SOURCE REFERENZEN
a_services,TITLE,SERVICES,SLU≈ΩBY,SLU≈ΩBY,DIENSTLEISTUNGEN
a_shortcodes,TITLE,SHORTCODES info,SHORTCODES informace,SHORTCODES inform√°cie,KURZCODES Informationen
a_article_ttip,TOOLTIP,add article,p≈ôidat ƒçl√°nek,prida≈• ƒçl√°nok,Artikel hinzuf√ºgen
a_auditlog_ttip,TOOLTIP,AUDIT log,AUDIT log,AUDIT log,AUDIT-Protokoll
a_blocklog_ttip,TOOLTIP,BLOCK log,BLOCK log,BLOCK log,BLOCK-Protokoll
a_debugger_ttip,TOOLTIP,DEBUGGER ON/OFF,DEBUGGER ON/OFF,DEBUGGER ON/OFF,DEBUGGER ON/OFF
a_download_csv_ttip,TOOLTIP,download file as CSV (count of lines),st√°hnout soubor v CSV form√°tu (poƒçet ≈ô√°dek),stiahnu≈• s√∫bor v CSV form√°te (poƒçet riadkov),Datei als CSV herunterladen (Anzahl der Zeilen)
a_edit_gsheet_ttip,TOOLTIP,Google Sheet,Google Sheet,Google Sheet,Google-Tabelle
a_emojis_ttip,TOOLTIP,üê± emoji panel,üê± emoji panel,üê± emoji panel,üê± Emoji-Panel
a_files_ttip,TOOLTIP,file manager,spr√°vce soubor≈Ø,spr√°vca s√∫borov,Dateimanager
a_flush_ttip,TOOLTIP,clears all caches,vypr√°zdn√≠ ve≈°kerou cache,vypr√°zdn√≠ v≈°etku cache,L√∂scht alle Caches
a_google_account_ttip,TOOLTIP,Google Account settings,nastaven√≠ Google √∫ƒçtu,Nastavenia √∫ƒçtu Google,Google-Kontoeinstellungen
a_google_password_ttip,TOOLTIP,Google Passwords,nastaven√≠ Google Passwords,Hesl√° Googlu,Google-Passw√∂rter
a_google_search_ttip,TOOLTIP,Google Search Console,Google Search konzole,Konzola vyhƒæad√°vania Google,Google Search Console
a_lasagna_manual_ttip,TOOLTIP,Tesseract LASAGNA documentation,Tesseract LASAGNA manu√°l,Tesseract LASAGNA manu√°l,Tesseract LASAGNA-Dokumentation
a_locale_template_ttip,TOOLTIP,localization template,vzor lokalizace,≈°abl√≥na lokaliz√°cie,Lokalisierungsvorlage
a_login_ttip,TOOLTIP,LOGIN,P≈òIHL√ÅSIT SE,PRIHL√ÅSI≈§ SA,LOGIN
a_logout_ttip,TOOLTIP,LOGOUT,ODHL√ÅSIT SE,ODHL√ÅSI≈§ SA,ABMELDEN
a_summernote_ttip,TOOLTIP,WYSIWYG editor,WYSIWYG editor,WYSIWYG editor,WYSIWYG-Editor
a_umami_ttip,TOOLTIP,Umami Analytics,Umami Analytika,Umami Analytika,Umami Analytics
a_update_ttip,TOOLTIP,update data from Google,aktualizovat data z Google,aktualizova≈• √∫daje z Googlu,Daten von Google aktualisieren
a_upload_ttip,TOOLTIP,batch file uploads,d√°vkov√© nahr√°v√°n√≠ soubor≈Ø,d√°vkov√© nahr√°vanie s√∫borov,Stapel-Datei-Uploads